order_id,customer_id,product_id,quantity,price,order_date,lat,long
5910,8,32,10,77,2022-10-05,25.7415,83.7681
5427,7,17,10,23.25,2022-11-05,30.7415,69.4406
9685,9,40,10,99.72,2023-02-19,26.85,69.4406
1131,5,28,10,87.52,2022-07-02,28.0842,74.5712
9481,9,8,10,97.99,2022-06-04,30.0837,71.7974
3195,7,4,10,21.62,2022-07-28,23.9975,71.7974
4769,8,20,10,99.15,2023-04-01,26.7415,73.7681
7902,6,44,10,55.25,2023-04-13,22.7415,70.7681
2335,5,34,10,54.98,2023-01-11,22.9221,72.7789
1849,4,39,10,92.11,2023-03-26,26.3107,71.1926
1940,9,13,10,76.01,2023-01-29,23.6633,73.3003
1357,6,18,10,44.32,2023-03-16,26.9181,70.4406
4234,10,14,10,71.44,2023-04-01,30.9181,68.4406
3495,9,36,10,48.31,2022-12-26,23.9975,71.7898
8386,9,10,10,16.27,2023-04-08,22.85,72.95
3602,5,26,10,50.25,2022-12-08,26.2442,87.5378
6576,1,12,10,41.01,2023-04-26,22.9975,74.7898
4495,3,27,10,13.88,2023-05-29,27.9975,69.7898
9307,2,3,10,81.04,2022-12-01,31.0842,80.5712
7972,7,30,10,83.7,2022-07-24,26.9975,72.7898
6314,7,34,10,81.36,2022-10-11,38.0837,67.7974
4273,4,35,10,69.5,2022-12-18,33.0837,77.7974
4970,10,14,10,75.2,2023-01-16,23.0761,70.8774
8310,5,37,10,79.35,2023-02-07,36.0842,75.5712
4272,6,49,10,39.29,2023-04-13,21.3107,74.1926
5147,8,10,10,67.05,2022-07-08,25.85,81.95
1285,7,27,10,76.87,2022-06-08,19.9975,73.7898
3472,10,24,10,53.63,2022-09-06,21.9975,75.7898
9652,10,24,10,72.25,2022-06-29,24.2442,91.5378
7801,4,22,10,83.85,2023-04-09,26.0842,83.5712
9385,8,14,10,34.77,2023-01-20,21.9975,73.7898
2810,6,24,10,91.91,2023-02-14,27.0842,75.5712
2472,10,13,10,42.2,2022-06-11,30.7415,76.7681
6859,9,18,10,88.46,2023-02-11,-71.4197,71.7478
8851,7,41,10,51.06,2022-10-20,22.3107,73.1926
2174,3,25,10,12.47,2022-07-19,33.85,77.95
7900,3,4,10,55.3,2023-05-17,26.2442,92.5378
2114,3,20,10,22.08,2023-02-15,25.9975,73.7898
7507,10,27,10,94.11,2022-12-04,31.7415,75.7681
7709,7,43,10,30.62,2023-04-23,24.8918,21.8984
9885,9,6,10,22.22,2023-01-01,25.8918,22.8984
5940,1,25,10,33.56,2022-08-11,23.3107,74.1926
8502,2,22,10,60.85,2022-07-08,35.85,77.95
9893,3,20,10,71.51,2022-09-29,31.85,79.95
3764,7,3,10,16.06,2023-05-16,18.3107,79.1926
6458,6,15,10,96.48,2022-10-03,27.7415,74.7681
4339,5,12,10,83.4,2023-04-21,25.3107,76.1926
2872,6,26,10,47.37,2023-01-28,28.3107,71.1926
9330,8,27,10,62,2023-03-03,22.2442,91.5378
5138,9,35,10,71.36,2022-06-12,-15.399,-121.7677
3322,9,29,10,57.24,2022-09-28,21.3107,72.1926
6602,2,48,10,77.4,2022-12-25,22.3107,71.1926
9798,10,14,10,60.36,2022-07-14,20.3107,71.1926
8883,6,30,10,37.9,2023-01-05,24.85,80.95
6999,2,22,10,67.07,2023-03-20,21.2442,88.5378
7818,9,34,10,78.94,2023-01-17,33.7415,73.7681
9086,4,9,10,21.06,2023-05-04,24.2442,92.5378
9864,10,36,10,88.9,2022-12-26,21.85,76.95
4811,9,19,10,35.89,2022-12-06,29.7415,75.7681
3095,1,35,10,36.81,2023-04-26,24.85,78.95
9612,3,16,10,42.11,2023-05-22,27.7415,77.7681
7224,8,45,10,50.83,2022-11-22,30.7415,74.7681
9955,3,45,10,94.09,2022-09-25,29.7415,73.7681
6294,7,48,10,98.58,2022-07-19,32.7415,74.7681
7758,7,36,10,24.77,2023-01-04,31.7415,73.7681
5906,6,15,10,59.53,2023-03-02,29.7415,70.7681
4444,2,50,10,32.02,2023-05-09,24.7415,66.7681
9833,2,34,10,11.92,2023-01-06,34.7415,72.7681
8222,9,44,10,27.24,2022-06-06,32.7415,72.7681
3185,8,16,10,98.16,2022-07-07,29.7415,72.7681
6153,2,24,10,48.72,2022-06-23,28.7415,69.7681
1901,10,43,10,91.06,2023-04-22,20.2442,87.5378
3691,8,49,10,20.43,2023-04-24,26.3107,69.1926
7044,7,22,10,72.81,2022-08-28,21.2442,90.5378
2039,8,33,10,21.11,2023-01-21,25.3107,68.1926
7843,5,45,10,70.21,2022-07-09,28.7415,74.7681
5094,8,15,10,28.65,2022-12-06,24.6463,-168.8889
7605,1,46,10,49.87,2023-05-12,-70.4197,70.7478
6157,9,30,10,55.13,2023-02-27,27.85,77.95
7896,10,45,10,75.79,2022-11-25,25.7415,79.7681
6219,1,23,10,78.93,2023-02-02,19.85,85.95
5710,6,33,10,21.43,2022-09-27,28.7415,76.7681
6521,3,6,10,41.22,2022-08-10,25.85,74.95
1105,5,29,10,41.5,2023-04-19,31.7415,70.7681
2883,3,44,10,92.61,2022-08-25,25.7415,65.7681
8155,8,19,10,38.82,2022-08-10,18.85,84.95
1915,5,26,10,34.71,2022-09-07,32.7415,73.7681
5323,7,30,10,56.88,2023-01-17,40.7415,67.7681
6396,3,49,10,91.35,2022-07-12,28.7415,71.7681
8570,6,41,10,13.12,2022-10-02,-38.2386,57.2232
6596,7,10,10,42.08,2022-07-03,-39.2386,58.2232
7745,2,4,10,34.82,2022-09-14,24.8918,23.8984
7553,10,50,10,32.08,2022-07-08,-70.9197,70.2478
6403,3,20,10,65.91,2022-08-01,-71.4197,69.7478
1952,9,8,10,47.22,2022-09-11,-82.6102,-47.0653
7985,9,32,10,76.79,2022-10-14,-83.6102,-46.0653
5967,4,24,10,88.72,2022-08-25,-82.6102,-45.0653
9985,6,2,10,24.47,2023-02-21,-81.6102,-44.0653
7967,6,34,10,14.44,2022-07-26,-80.6102,-43.0653
3569,5,47,9,19.35,2023-05-25,-37.3159,81.1496
4837,10,11,9,74.71,2023-01-14,21.2442,97.5378
2060,3,31,9,13.09,2022-09-01,-38.3159,82.1496
6946,5,47,9,53.75,2023-02-11,24.85,82.95
1509,8,29,9,61.11,2022-10-18,28.7415,78.7681
2036,4,42,9,32.51,2023-03-23,24.7415,82.7681
4003,9,11,9,90.44,2023-04-06,35.7415,75.7681
9071,2,36,9,33.97,2023-04-11,18.1232,80.2088
9983,9,8,9,98.42,2022-10-21,27.85,81.95
8312,2,27,9,36.15,2022-08-24,30.7415,80.7681
8051,8,20,9,57.28,2023-02-17,22.3107,75.1926
1747,6,10,9,34.54,2022-06-23,21.3107,70.1926
7191,10,24,9,35.04,2023-05-22,-70.6102,-52.0653
1804,7,40,9,80.34,2022-10-08,25.85,79.95
8886,6,48,9,43.14,2023-02-19,25.2442,91.5378
2626,6,12,9,51.36,2023-03-11,26.85,78.95
1495,4,48,9,43.19,2022-09-21,24.2442,90.5378
2657,4,48,9,60.19,2022-08-17,3.2442,83.5378
9486,6,14,9,67.52,2022-09-05,-9.7558,93.5378
9363,4,17,9,46.37,2022-08-04,25.6463,-169.8889
9213,8,2,9,45,2022-10-04,-73.6102,-48.0653
1977,10,12,9,40.19,2022-12-27,23.85,74.95
6104,2,22,9,41.87,2023-04-23,27.85,79.95
1394,10,2,9,22.89,2023-03-01,26.7415,78.7681
2647,1,14,9,63.16,2023-04-15,22.85,75.95
9256,2,38,9,70.36,2022-10-30,-5.15,85.95
8182,2,6,9,60.87,2023-02-03,17.85,80.95
2067,5,20,9,94.1,2022-11-24,36.7415,64.7681
9458,10,29,9,71.42,2022-10-17,28.85,78.95
8982,10,1,9,92.83,2023-02-05,22.85,67.95
9631,4,5,9,76.17,2022-06-13,21.7415,79.7681
3324,3,15,9,50.75,2023-02-17,22.7415,78.7681
7923,3,10,9,95.08,2022-12-19,-74.6102,-45.0653
1973,5,27,9,71.51,2022-06-18,-81.6102,-48.0653
7201,3,21,9,19.08,2022-09-13,-82.6102,-43.0653
1549,5,14,9,71.57,2022-09-03,-84.6102,-48.0653
6396,2,8,9,45.01,2022-06-04,-83.6102,-42.0653
3862,5,50,9,16.12,2022-10-14,-75.6102,-58.0653
3141,8,32,9,75.7,2023-05-15,-84.6102,-42.0653
5438,10,26,9,90.85,2022-11-05,28.9572,-164.799
1314,3,45,9,94.62,2023-05-17,-72.1102,-51.5653
2667,10,5,9,57.11,2022-10-23,-84.1102,-46.5653
9573,4,37,9,53,2023-01-09,-84.6102,-50.0653
2142,4,38,9,18.17,2022-12-10,-84.6102,-41.0653
6516,8,23,9,66.24,2022-11-08,-82.1102,-48.5653
8404,7,25,9,41.94,2022-07-09,-74.6102,-56.0653
7847,8,2,9,10.77,2022-12-28,-81.6102,-55.0653
3001,8,7,9,64.2,2022-06-11,17.9181,77.4406
1435,4,27,9,97.07,2022-07-09,2.9724,87.5806
8288,7,49,9,58.43,2023-02-01,27.0842,82.5712
1151,10,37,9,43.6,2022-12-30,22.0842,87.5712
2254,10,39,9,85.33,2023-02-11,21.9221,80.7789
6479,8,2,9,97.11,2022-06-27,22.9181,69.4406
7717,1,2,9,16.51,2022-10-02,22.85,77.95
4503,2,14,9,61.34,2023-02-26,22.2442,89.5378
5249,8,38,9,10.07,2022-12-02,25.0837,76.7974
3390,1,3,9,28.51,2022-08-30,21.3871,76.4917
8917,8,24,9,62.62,2022-10-13,0.8505,81.2711
2173,1,2,9,55.69,2023-04-13,21.2442,92.5378
1881,6,45,9,25.37,2022-11-01,-69.6102,-46.0653
3419,4,32,9,22.65,2023-03-20,-69.6102,-51.0653
5986,3,1,9,89.83,2022-07-19,29.7415,77.7681
8766,1,21,9,83.49,2022-08-01,25.85,76.95
5996,2,11,9,99.78,2023-05-05,35.0842,76.5712
8072,2,26,9,46.76,2023-05-25,-74.6102,-46.0653
4745,5,19,9,23.65,2022-09-26,-75.6102,-45.0653
7574,8,19,9,73.08,2022-11-30,18.9975,78.7898
1733,5,8,9,52.73,2022-07-28,19.1232,79.2088
7694,3,4,9,58.61,2022-09-25,21.9975,63.7898
9897,10,3,9,22.76,2023-05-04,-73.6102,-45.0653
8366,1,31,9,32.02,2022-07-01,27.2442,93.5378
4724,7,20,9,34.17,2023-05-21,36.85,80.95
2158,8,11,9,94.08,2023-03-26,23.85,78.95
3825,9,26,9,74.6,2023-01-18,26.85,82.95
3250,4,23,9,61.12,2022-10-24,18.85,78.95
8626,3,22,9,68.34,2022-06-29,26.6415,82.7681
3352,1,35,9,15.08,2022-11-19,17.1232,81.2088
8027,3,38,9,39.43,2022-11-02,22.1232,78.2088
5264,8,8,9,82.3,2023-02-21,23.3107,69.1926
6586,6,29,9,54.49,2022-09-07,24.3107,75.1926
7398,8,13,9,23.32,2022-11-10,-14.399,-120.7677
5336,7,30,9,77.52,2022-12-20,18.85,86.95
8528,5,20,9,68.97,2022-11-13,20.7415,79.7681
7875,6,6,9,22.58,2023-02-07,18.7415,79.7681
7971,6,11,9,82.94,2022-11-01,23.2442,89.5378
4968,8,22,9,71.77,2023-03-07,19.3107,74.1926
5921,9,37,9,52.89,2022-09-22,23.7415,81.7681
9863,9,17,8,67.2,2022-11-24,18.85,79.95
9728,3,9,8,61.04,2022-12-16,25.3107,70.1926
8337,9,27,8,41.83,2022-11-04,-36.3159,80.1496
1664,10,29,8,30.38,2023-02-13,-73.6102,-46.0653
8121,3,19,8,79.58,2022-12-13,22.85,79.95
3361,1,26,8,82.75,2023-05-04,30.85,80.95
8344,4,12,8,75.35,2022-09-30,37.7415,73.7681
7894,1,49,8,89.78,2023-01-14,22.7415,77.7681
5870,5,41,8,29.89,2023-01-24,39.7415,68.7681
7427,4,1,8,29.36,2022-12-25,27.7415,81.7681
5425,9,17,8,86.03,2022-10-29,38.7415,70.7681
3214,5,34,8,17.92,2023-04-03,42.7415,68.7681
6321,4,36,8,74.19,2022-08-16,19.85,70.95
7341,10,28,8,88.8,2022-06-17,20.85,79.95
8378,7,24,8,72.65,2022-12-07,-8.15,80.95
6320,10,43,8,44.96,2022-06-10,-69.6102,-48.0653
8118,2,36,8,98.15,2022-12-28,-70.6102,-50.0653
7004,5,1,8,12.96,2022-08-29,-72.6102,-48.0653
8805,1,45,8,61.76,2022-09-12,-72.6102,-47.0653
7567,10,35,8,79.39,2022-08-11,-72.6102,-50.0653
2734,2,17,8,77.01,2022-09-12,-81.6102,-46.0653
8077,2,20,8,58.43,2022-06-29,-74.6102,-49.0653
9520,10,37,8,44.14,2022-07-28,-74.6102,-51.0653
9762,1,47,8,17.26,2023-01-12,-73.6102,-50.0653
6350,3,44,8,24.2,2023-01-28,29.4572,-164.299
2335,6,23,8,33.63,2022-06-10,-69.1102,-47.5653
6282,4,36,8,74.67,2023-03-15,-74.1102,-48.5653
3121,8,33,8,25.55,2023-04-23,-71.6102,-48.0653
9428,8,27,8,32.24,2022-12-13,-71.1102,-50.5653
3226,7,50,8,51.46,2022-11-03,-73.6102,-44.0653
1009,3,46,8,49.49,2022-11-04,-76.1102,-45.5653
6907,7,30,8,82.51,2023-01-12,-75.6102,-44.0653
7023,10,16,8,91.87,2022-10-05,-71.6102,-47.0653
2651,1,17,8,91.21,2022-06-04,-85.6102,-46.0653
2993,4,46,8,11.6,2022-12-31,-82.6102,-40.0653
1013,5,30,8,47.12,2022-12-16,-86.6102,-39.0653
9394,9,12,8,90.85,2022-07-01,-80.6102,-49.0653
3805,5,13,8,12.43,2023-01-04,-80.6102,-51.0653
3567,1,15,8,26.5,2023-03-03,-86.6102,-52.0653
5199,5,41,8,72.3,2022-12-24,5.8505,81.2711
2036,2,23,8,97.38,2023-04-20,29.0837,79.7974
1129,6,37,8,97.86,2022-10-08,17.3107,78.1926
6560,8,24,8,58.9,2022-12-11,24.0837,84.7974
4544,2,44,8,18.89,2022-09-01,3.0674,90.2376
2172,6,5,8,32.57,2022-11-27,66.9366,86.9366
3194,9,44,8,38.73,2022-08-08,-47.9509,-37.4618
1273,3,48,8,59.83,2022-08-03,18.9181,69.4406
3975,7,1,8,99.77,2022-11-10,18.85,74.95
9634,8,44,8,19.19,2023-02-15,22.9181,85.3639
6340,1,46,8,95.13,2023-04-26,18.2442,86.5378
5206,9,32,8,96.42,2023-05-15,15.9975,70.7898
2701,6,4,8,47.64,2022-07-16,34.7415,74.7681
7697,2,36,8,51.85,2022-07-08,25.2442,95.5378
7862,4,5,8,56.8,2022-08-29,21.1232,77.2088
2393,3,9,8,82.81,2022-12-25,29.7415,79.7681
8050,4,17,8,50.25,2022-06-03,22.3107,63.1926
2114,1,47,8,25.77,2022-07-02,23.85,83.95
3071,4,13,8,74.99,2022-09-09,18.9975,74.7898
1565,4,23,8,47.2,2022-12-18,28.7415,80.7681
8894,8,42,8,85.17,2022-07-22,17.9975,75.7898
4318,3,11,8,24.59,2022-06-07,68.9366,84.9366
6672,9,16,8,70.66,2022-12-07,29.2442,91.5378
3793,10,11,8,87.67,2023-05-30,20.1232,78.2088
9394,3,48,8,30.63,2023-03-05,23.7415,83.7681
3896,5,10,8,93.34,2023-02-05,28.2442,87.5378
6086,3,36,8,42.21,2023-05-30,23.2442,92.5378
1515,10,43,8,19.63,2023-04-03,18.85,81.95
2252,9,11,8,87.59,2022-12-11,19.3107,71.1926
4753,6,13,8,44.2,2022-10-29,68.9366,86.9366
8253,3,12,8,18.85,2022-12-05,31.85,81.95
1547,5,32,8,29.98,2022-12-06,28.85,79.95
9233,5,24,8,42.94,2023-02-10,34.85,84.95
2768,4,50,8,44.74,2023-01-05,23.1232,77.2088
9526,4,28,8,47.4,2022-06-15,17.1232,78.2088
3692,7,34,8,66.51,2022-09-15,67.9366,89.9366
1671,2,32,8,82.63,2022-08-25,22.2442,98.5378
6540,10,44,8,15.61,2022-09-19,23.2442,99.5378
7088,5,39,8,36.11,2023-02-24,17.85,73.95
4256,6,7,8,98,2022-11-08,22.85,78.95
3608,2,8,8,84.48,2022-07-25,16.85,79.95
8251,9,45,8,27.27,2022-09-14,35.7415,66.7681
5201,4,30,8,72.84,2022-07-02,20.2442,98.5378
7316,3,2,8,46.42,2022-09-26,-8.7558,92.5378
6048,2,50,8,37.62,2022-09-16,19.3107,72.1926
1564,8,2,8,76.47,2023-01-25,35.7415,73.7681
3257,9,37,8,21.63,2022-07-19,-70.6102,-45.0653
2514,3,29,8,69.12,2022-12-09,23.85,76.95
8959,10,5,8,83.56,2022-08-23,36.85,78.95
1968,3,11,8,96.99,2023-03-20,18.85,76.95
4121,3,49,8,25.53,2022-06-30,21.85,85.95
8120,7,46,8,75.33,2023-02-22,36.7415,74.7681
5580,1,49,8,82.69,2022-08-05,36.7415,72.7681
1645,6,13,8,66.47,2023-03-12,32.7415,76.7681
5110,9,4,8,92.45,2022-12-27,24.85,77.95
3301,1,20,8,69.76,2023-04-07,28.85,80.95
3031,3,45,8,35.83,2022-08-08,-75.6102,-47.0653
6228,8,13,7,36.52,2023-03-08,-75.6102,-43.0653
3188,10,24,7,20.37,2022-09-20,-81.6102,-39.0653
4898,3,9,7,15.84,2022-06-28,-72.6102,-44.0653
3720,10,48,7,84.4,2022-06-18,-74.6102,-43.0653
7231,1,38,7,95.54,2023-05-31,-80.6102,-47.0653
2741,4,11,7,71.26,2022-10-23,-87.6102,-54.0653
9362,4,38,7,18.92,2023-04-01,-87.6102,-56.0653
3438,2,37,7,37.78,2022-09-10,-75.6102,-50.0653
2254,2,37,7,72.7,2022-09-19,-87.6102,-43.0653
4683,5,33,7,58.24,2022-12-07,-71.1102,-45.5653
4918,4,20,7,76.76,2022-06-12,-74.1102,-46.5653
6437,3,45,7,36.37,2022-12-21,-75.1102,-43.5653
3553,1,4,7,94.45,2022-10-28,-87.6102,-42.0653
9881,7,41,7,81.27,2023-02-25,-80.1102,-50.5653
6906,2,37,7,47.08,2023-04-09,-80.1102,-51.5653
8884,1,5,7,61.65,2022-09-19,-42.3159,86.1496
4245,1,23,7,66.64,2023-03-16,12.3871,83.4917
7538,6,18,7,34.05,2023-02-18,1.1271,88.6569
7928,6,47,7,19.11,2022-06-14,-43.9509,-34.4618
5220,1,48,7,49.9,2022-11-19,7.1271,75.6569
2859,3,36,7,98.95,2023-02-20,10.0761,74.8774
2991,6,25,7,71.18,2023-01-22,14.8505,74.2711
3439,10,27,7,15.31,2022-08-12,-32.8129,63.5342
3073,2,28,7,33.16,2022-08-21,-43.3159,87.1496
9779,2,12,7,63.21,2023-05-08,9.8505,77.2711
5062,10,35,7,58.42,2022-06-17,10.8505,76.2711
1127,7,12,7,25.34,2023-04-25,31.2442,91.5378
9528,4,16,7,25.12,2022-12-12,12.2442,92.5378
1651,8,18,7,95.79,2023-01-30,17.3107,76.1926
5307,5,3,7,51.98,2022-09-01,-42.9509,-35.4618
3130,3,43,7,85.9,2023-04-21,14.85,73.95
5894,6,21,7,89.17,2022-08-09,-43.8159,86.6496
9721,9,27,7,59.21,2022-07-28,71.9616,81.9616
9726,2,13,7,22.88,2023-04-29,71.9366,81.9366
6589,1,4,7,85.52,2022-10-17,76.9366,85.3639
9450,10,34,7,27.41,2023-03-30,71.9366,72.7789
8154,5,18,7,61.47,2023-02-23,80.9366,74.9366
5476,9,23,7,69.2,2022-08-12,30.85,78.95
9054,7,22,7,72.44,2022-07-14,80.9616,74.9616
9557,5,14,7,67.62,2023-04-15,38.0837,72.7974
1625,6,19,7,44.66,2022-06-27,75.9616,79.9616
2549,4,12,7,57.59,2023-02-06,76.9366,71.9366
1762,6,3,7,81.1,2022-12-03,72.9366,68.9366
2219,4,45,7,58.15,2022-12-23,75.9366,79.9366
6096,5,31,7,63.27,2022-08-21,75.9366,77.9366
7946,2,35,7,51.54,2022-07-03,79.9616,75.9616
2281,4,29,7,40.27,2022-11-17,78.9616,76.9616
2666,1,37,7,98.08,2022-06-28,76.9616,76.9616
8902,6,47,7,76.91,2023-03-27,31.0842,78.5712
8266,9,49,7,27.98,2022-09-25,75.9616,77.9616
3620,4,19,7,63.61,2022-11-23,71.9366,69.9366
3777,4,13,7,62.31,2022-09-02,74.9366,80.9366
2840,9,44,7,42.07,2023-03-26,76.9366,78.9366
2337,1,16,7,71.87,2022-10-24,75.9366,72.9366
8597,1,50,7,97.34,2023-02-08,66.9366,67.9366
3294,7,9,7,61.37,2022-12-13,78.9366,71.9366
7785,5,33,7,49.97,2022-09-11,79.9366,76.9366
4162,6,13,7,57.12,2022-06-17,80.9366,77.9366
7427,2,29,7,59.08,2023-05-26,38.7415,72.7681
2204,2,46,7,96.92,2022-09-10,8.0674,85.2376
9298,4,25,7,46.75,2022-06-07,12.9181,82.4406
7151,4,2,7,50.46,2023-04-20,13.2442,91.5378
9233,1,8,7,43.5,2023-04-15,11.9975,67.7898
1421,9,11,7,48.72,2023-04-21,7.9975,85.7898
8816,5,11,7,35.2,2022-10-28,29.85,79.95
8376,6,23,7,63.02,2023-05-13,13.2442,100.5378
9824,9,27,7,21.11,2023-05-12,12.3107,72.1926
3937,8,12,7,77.75,2023-05-04,12.2442,90.5378
4496,7,2,7,59.37,2022-12-27,12.2442,99.5378
2116,3,5,7,28.87,2022-12-07,1.2442,103.5378
9386,6,28,7,71.63,2022-07-18,9.85,83.95
9900,7,19,7,54.29,2023-05-15,2.85,92.95
2722,2,41,7,87.72,2022-08-03,5.85,73.95
3756,10,48,7,69.15,2023-03-08,8.85,76.95
9036,6,23,7,91.73,2022-08-07,11.85,71.95
9435,3,19,7,20.99,2023-02-09,27.3,81.4
8830,5,40,7,89.28,2023-03-08,27.8,81.9
4490,2,25,7,75.96,2023-01-01,28.3,82.4
5706,10,50,7,85.33,2022-07-05,28.8,82.9
7194,6,46,7,91.99,2023-02-10,29.3,83.4
5882,9,31,7,96.43,2023-02-21,29.8,83.9
7651,9,23,7,93.29,2022-09-27,30.3,84.4
9121,4,21,7,12.71,2023-03-05,30.8,84.9
9383,2,29,7,49.28,2022-11-25,31.3,85.4
5227,3,7,7,43.92,2022-11-18,31.8,85.9
1546,1,11,7,10.4,2023-03-25,32.3,86.4
2781,2,14,7,75.54,2022-07-27,32.8,86.9
8097,2,11,7,33.33,2022-08-05,33.3,87.4
7064,1,22,7,71.04,2022-10-28,33.8,87.9
3986,8,1,7,81.4,2023-03-06,34.3,88.4
4439,7,46,7,16.6,2022-08-18,34.8,88.9
8598,5,36,7,75.37,2022-12-30,35.3,89.4
9721,4,36,7,61.64,2022-08-17,35.8,89.9
7036,2,2,7,86.05,2023-04-27,36.3,90.4
5727,3,5,7,99.16,2023-03-05,36.8,90.9
2209,2,15,7,26.27,2022-08-19,37.3,91.4
8326,2,26,7,17.03,2022-11-14,37.8,91.9
6713,1,36,7,52.44,2022-06-05,38.3,92.4
1306,10,19,7,81.47,2023-01-03,38.8,92.9
5915,7,15,7,63.44,2022-12-06,39.3,93.4
8515,4,41,7,47.02,2022-12-05,39.8,93.9
8468,9,14,7,72.33,2023-02-15,40.3,94.4
4190,10,32,7,24.46,2022-11-18,40.8,94.9
8043,1,44,7,25.36,2022-12-22,41.3,95.4
9244,7,26,7,48.62,2023-02-20,41.8,95.9
4256,2,4,7,65.06,2022-07-09,42.3,96.4
5971,3,7,7,32.36,2022-06-30,42.8,96.9
1786,10,22,7,24.5,2023-04-28,43.3,97.4
7432,8,3,7,43.37,2023-02-23,43.8,97.9
8808,5,19,7,44.27,2023-01-29,44.3,98.4
2816,1,4,7,21.88,2023-03-22,44.8,98.9
5884,1,2,7,26.88,2023-04-12,45.3,99.4
2365,4,48,7,10.29,2022-11-07,45.8,99.9
3864,8,6,7,47.24,2023-03-31,46.3,100.4
5977,10,50,7,51.86,2023-03-26,46.8,100.9
3368,7,27,7,24.62,2023-04-07,47.3,101.4
3853,1,22,7,87.79,2022-11-16,47.8,101.9
7860,2,13,7,20.56,2022-07-08,48.3,102.4
9677,9,4,7,87.7,2022-07-24,48.8,102.9
2607,5,47,7,60.1,2022-10-11,49.3,103.4
8138,4,12,7,47.47,2023-05-30,49.8,103.9
7855,5,42,7,57.17,2022-07-05,50.3,104.4
2095,8,39,7,46.14,2023-01-05,50.8,104.9
5922,10,26,7,56.3,2023-01-04,51.3,105.4
7398,6,28,7,40.22,2022-09-03,51.8,105.9
9223,7,28,7,99.15,2023-03-28,52.3,106.4
5447,7,47,7,60.37,2022-10-09,52.8,106.9
6332,8,31,7,62.15,2022-09-10,53.3,107.4
7484,6,27,7,73.8,2022-06-29,53.8,107.9
5387,3,38,7,74.9,2022-08-06,54.3,108.4
2988,8,23,7,99.56,2022-11-16,54.8,108.9
8523,5,20,7,72.37,2022-12-05,55.3,109.4
8493,4,40,7,55.77,2022-06-28,55.8,109.9
2401,5,19,7,20.86,2023-01-01,80.9616,85.3639
6938,4,18,7,62.96,2022-11-27,30.2442,85.5378
8395,4,16,7,46.09,2022-06-10,26.85,75.95
6588,5,26,1,15.87,2022-10-23,26.85,80.95
8272,9,11,1,71.7,2022-09-10,24.7415,84.7681
2997,7,49,1,39.54,2022-08-09,77.9366,77.9366
4010,7,40,1,30.73,2023-04-22,77.9366,79.9366
3810,9,6,1,80.49,2022-07-16,78.9366,78.9366
1589,5,10,1,96.94,2023-01-05,79.9366,79.9366
5994,8,26,1,25.63,2022-07-17,80.9366,80.9366
7968,5,47,1,21.08,2023-02-25,26.8,80.9
7232,6,31,1,47.4,2023-03-24,36.7631,-47.2208
3317,3,32,1,63.8,2023-06-01,36.6631,-47.3208
4811,4,1,1,38.15,2023-01-25,36.5631,-47.4208
5332,8,20,1,31.5,2023-05-31,36.4631,-47.5208
7346,6,34,1,56.78,2023-01-26,36.3631,-47.6208
5334,9,34,1,97.86,2023-01-26,36.2631,-47.7208
2973,3,45,1,51.48,2022-10-06,36.1631,-47.8208
9728,7,45,1,14.47,2022-08-03,36.0631,-47.9208
3525,9,30,1,72.61,2023-05-12,35.9631,-48.0208
7118,5,25,1,76.14,2022-12-06,35.8631,-48.1208
5463,3,10,1,33.89,2022-10-27,35.7631,-48.2208
5481,1,9,1,94.97,2023-02-06,35.6631,-48.3208
7350,8,17,1,34.59,2022-12-13,35.5631,-48.4208
2032,10,10,1,71.2,2023-04-11,35.4631,-48.5208
2190,5,5,1,89.76,2022-06-01,35.3631,-48.6208
9495,5,40,1,50.55,2022-12-27,35.2631,-48.7208
5700,8,37,1,91.96,2022-12-04,35.1631,-48.8208
3524,5,48,1,60.63,2022-10-28,35.0631,-48.9208
1744,7,50,1,20.19,2023-01-31,34.9631,-49.0208
6225,6,15,1,98.59,2022-07-22,34.8631,-49.1208
5735,8,49,1,63.38,2022-07-19,34.7631,-49.2208
9085,5,15,1,66.31,2022-10-15,34.6631,-49.3208
4993,9,36,1,29.99,2022-09-06,34.5631,-49.4208
7422,1,50,1,27.68,2023-04-15,34.4631,-49.5208
2873,8,45,1,27.91,2022-06-03,34.3631,-49.6208
8307,9,22,1,27.06,2022-09-11,34.2631,-49.7208
1067,7,20,1,93.58,2023-02-24,34.1631,-49.8208
3013,6,16,1,98.99,2022-12-16,34.0631,-49.9208
9611,8,41,1,28.45,2022-10-01,33.9631,-50.0208
3940,4,25,1,66.67,2022-08-25,33.8631,-50.1208
7831,4,36,1,91.24,2023-05-10,33.7631,-50.2208
1124,2,20,1,71.7,2022-09-04,33.6631,-50.3208
6224,5,28,1,67.03,2022-10-11,33.5631,-50.4208
9470,4,31,1,33.41,2022-12-19,33.4631,-50.5208
1007,2,35,1,59.94,2023-05-02,33.3631,-50.6208
4406,9,19,1,80.71,2023-02-08,33.2631,-50.7208
9856,10,6,1,22.46,2022-10-30,33.1631,-50.8208
2744,10,24,1,24.73,2022-11-17,33.0631,-50.9208
8572,10,28,1,10.1,2022-09-23,32.9631,-51.0208
9496,4,40,1,82.44,2023-03-25,32.8631,-51.1208
4462,6,46,1,95.86,2022-10-06,32.7631,-51.2208
4790,6,44,1,28.52,2023-05-10,32.6631,-51.3208
2236,9,45,1,94.18,2023-01-04,32.5631,-51.4208
3867,5,41,1,39.51,2022-11-18,32.4631,-51.5208
6693,2,45,1,46.72,2022-10-02,32.3631,-51.6208
4966,3,22,1,32.93,2023-05-02,32.2631,-51.7208
5104,5,4,1,70.7,2023-05-02,32.1631,-51.8208
6623,9,47,1,83.05,2023-02-01,32.0631,-51.9208
4001,4,37,1,33.98,2023-03-01,31.9631,-52.0208
5105,8,11,1,61.08,2022-10-05,31.8631,-52.1208
7416,3,22,1,14,2023-05-16,31.7631,-52.2208
3471,2,11,1,95.94,2022-08-23,31.6631,-52.3208
5769,8,45,1,40.75,2022-07-22,31.5631,-52.4208
1827,2,5,1,62.54,2022-09-11,31.4631,-52.5208
8662,10,49,1,20.55,2022-08-17,31.3631,-52.6208
4372,9,38,1,31.66,2023-03-31,31.2631,-52.7208
2200,6,41,1,56.66,2023-05-20,31.1631,-52.8208
5031,10,21,1,46.9,2023-02-22,31.0631,-52.9208
4172,10,46,1,53.49,2022-07-11,30.9631,-53.0208
1386,3,42,1,38.31,2023-01-07,30.8631,-53.1208
1623,6,27,1,96.85,2022-09-26,30.7631,-53.2208
9597,1,33,1,78.88,2022-10-04,30.6631,-53.3208
4440,1,35,1,24.37,2023-03-01,30.5631,-53.4208
3062,9,2,1,77.66,2023-04-10,30.4631,-53.5208
2300,6,16,1,80.31,2023-04-26,30.3631,-53.6208
9093,3,9,1,93.2,2022-06-30,30.2631,-53.7208
4708,8,23,1,44.27,2022-08-16,30.1631,-53.8208
5696,10,21,1,51.39,2023-04-12,30.0631,-53.9208
8403,2,50,1,46.98,2022-07-15,29.9631,-54.0208
9321,4,45,1,50.44,2023-04-27,29.8631,-54.1208
5654,10,39,1,12.74,2022-07-17,29.7631,-54.2208
7696,10,37,1,51.72,2022-08-01,29.6631,-54.3208
5171,7,32,1,87.2,2023-02-18,29.5631,-54.4208
5841,4,37,1,85.17,2022-10-27,29.4631,-54.5208
5854,8,29,1,21.02,2022-11-10,29.3631,-54.6208
1960,6,13,1,90.53,2022-06-29,29.2631,-54.7208
7227,3,29,1,28.37,2022-08-04,29.1631,-54.8208
2856,4,41,1,28.98,2022-08-20,29.0631,-54.9208
8391,3,3,1,40.84,2022-07-18,28.9631,-55.0208
9321,8,32,1,89.83,2023-01-03,28.8631,-55.1208
7751,7,43,1,77.93,2022-10-10,28.7631,-55.2208
1684,9,49,1,62.46,2023-04-02,28.6631,-55.3208
4987,3,37,1,21.65,2022-07-20,28.5631,-55.4208
1120,4,14,1,29.03,2023-02-03,27.7631,-56.2208
4394,2,32,1,55.19,2022-06-08,56.3,110.4
7520,8,18,1,84.54,2022-10-13,56.8,110.9
8308,6,16,1,61.38,2023-03-04,57.3,111.4
9464,10,15,6,45.41,2023-03-25,57.8,111.9
5200,5,50,6,82.12,2023-02-28,58.3,112.4
4388,10,32,6,76.36,2022-07-23,58.8,112.9
2870,2,1,6,53.66,2023-02-06,59.3,113.4
4739,3,21,6,25.78,2023-01-29,59.8,113.9
5720,2,36,6,35.57,2022-09-20,60.3,114.4
8426,5,35,6,33.38,2023-05-18,60.8,114.9
2422,6,9,6,15.26,2022-08-04,61.3,115.4
7154,10,15,6,85.65,2023-05-11,61.8,115.9
3898,4,7,6,14.74,2022-06-03,62.3,116.4
5912,4,12,6,26.95,2022-10-21,62.8,116.9
2794,6,8,6,36.03,2023-02-27,63.3,117.4
3111,4,24,6,84.74,2023-05-28,63.8,117.9
1012,9,6,6,29.16,2022-07-28,64.3,118.4
5518,6,21,6,84.06,2022-12-18,64.8,118.9
2718,10,13,6,49.55,2023-02-06,65.3,119.4
3139,5,1,6,37.99,2023-03-27,65.8,119.9
5313,7,11,6,38.73,2023-04-17,66.3,120.4
2188,3,3,6,87.32,2023-04-22,66.8,120.9
1084,10,17,6,32.93,2022-06-04,67.3,121.4
1010,2,1,6,31.79,2023-01-18,67.8,121.9
8163,4,46,6,43.49,2022-10-12,68.3,122.4
7760,8,38,6,15.15,2022-06-29,68.8,122.9
4226,3,47,6,44.61,2022-12-04,68.6,122.7
5226,9,23,6,70.42,2022-10-12,68.4,122.5
5728,5,25,6,70.41,2022-11-15,68.2,122.3
5977,3,19,6,18.67,2022-11-15,68,122.1
3026,7,26,6,33.45,2022-12-17,67.6,121.7
7928,2,29,6,40.15,2023-05-10,67.4,121.5
7530,3,44,6,67.68,2023-03-24,67.2,121.3
3994,5,48,6,63.09,2023-02-07,67,121.1
2508,2,38,6,29.28,2022-08-29,66.6,120.7
6504,10,43,6,31.56,2023-01-16,66.4,120.5
7738,7,42,6,83.22,2023-05-15,66.2,120.3
9969,7,29,6,59.17,2022-10-19,66,120.1
4337,7,19,6,53.86,2022-08-05,65.6,119.7
5612,9,47,6,83.14,2022-09-23,65.4,119.5
9505,8,44,6,60.59,2023-01-13,65.2,119.3
8241,8,4,6,88.53,2023-04-20,65,119.1
8477,4,5,6,15.85,2023-05-12,64.6,118.7
8265,5,36,6,92.18,2023-01-13,64.4,118.5
6110,10,47,6,44.57,2022-08-06,64.2,118.3
2507,4,33,6,95.14,2023-05-24,64,118.1
3289,10,49,6,17.8,2022-06-08,63.6,117.7
3237,5,18,6,63.38,2022-09-22,63.4,117.5
3987,6,4,6,44.27,2022-12-21,63.2,117.3
5071,4,39,6,14.81,2022-12-04,63,117.1
9726,1,6,6,50.54,2022-10-06,62.6,116.7
1823,7,27,6,78.62,2022-11-12,62.4,116.5
6300,3,48,6,64.11,2023-04-09,62.2,116.3
7964,8,28,6,22.27,2022-11-09,62,116.1
7832,1,47,6,47.02,2023-02-16,61.6,115.7
7120,2,47,6,28.92,2022-11-02,61.4,115.5
9518,1,13,6,20.25,2023-03-24,61.2,115.3
9901,3,42,6,58.98,2022-07-13,61,115.1
4702,5,4,6,51.82,2023-01-09,60.6,114.7
3370,9,43,6,48.6,2023-03-30,60.4,114.5
2664,6,10,6,96.99,2022-12-05,60.2,114.3
1199,2,30,6,86.36,2022-08-06,60,114.1
7492,2,30,6,80.75,2022-08-30,59.6,113.7
9989,5,49,6,16.67,2023-05-02,59.4,113.5
5922,3,9,6,11.3,2023-03-31,59.2,113.3
3518,5,13,6,56.84,2022-08-15,59,113.1
6678,3,22,6,69.76,2023-03-14,58.6,112.7
5973,2,25,6,52.79,2023-03-30,58.4,112.5
7603,10,14,6,61.78,2022-07-04,58.2,112.3
5181,10,11,6,76.89,2022-09-24,58,112.1
3598,7,4,6,39,2022-11-10,57.6,111.7
2718,7,23,6,24.51,2022-06-01,57.4,111.5
4005,6,39,6,43.55,2022-07-27,57.2,111.3
6386,8,9,6,11.31,2022-12-20,57,111.1
2295,5,20,6,97.67,2022-10-04,56.6,110.7
3688,8,49,6,31.1,2022-07-15,56.4,110.5
4858,6,50,6,29.5,2022-07-31,56.2,110.3
2644,4,21,6,28.87,2022-06-16,56,110.1
6589,6,39,6,89.47,2023-03-17,55.6,109.7
9873,1,45,6,76.82,2022-06-23,55.4,109.5
7083,4,37,6,71.27,2023-04-29,55.2,109.3
9922,10,19,6,51.9,2022-07-04,55,109.1
8297,7,27,6,43.01,2023-04-28,54.6,108.7
3497,9,35,6,45.91,2022-08-05,54.4,108.5
3922,9,23,6,47.85,2022-07-05,54.2,108.3
8473,7,44,6,69.53,2022-12-26,54,108.1
3331,7,39,6,66.23,2022-06-28,53.6,107.7
1011,10,23,6,71.55,2022-09-10,25.6415,81.7681
5595,6,29,6,66.72,2023-04-12,26.7415,82.7681
3607,2,7,6,22.67,2023-01-31,27.7415,83.7681
7604,7,26,6,59.42,2023-04-15,28.7415,84.7681
6221,1,49,6,29.66,2023-01-23,29.7415,85.7681
2360,10,15,6,18.38,2022-09-09,30.7415,86.7681
7856,8,17,6,88.09,2023-04-23,31.7415,87.7681
5789,4,32,6,23.16,2023-01-29,32.7415,88.7681
3205,9,1,6,73.63,2023-05-31,33.7415,89.7681
5093,2,39,6,89.21,2023-04-21,34.7415,90.7681
6184,2,48,6,25.39,2023-04-20,35.7415,91.7681
8176,1,44,6,33.88,2023-01-16,36.7415,92.7681
3445,6,44,6,85.29,2022-11-23,37.7415,93.7681
2851,9,47,6,36.05,2022-10-27,38.7415,94.7681
7313,6,32,6,52.85,2023-02-21,39.7415,95.7681
8028,2,46,6,46.24,2023-03-02,40.7415,96.7681
9182,6,38,6,18.15,2023-04-22,41.7415,97.7681
3916,1,42,6,35.53,2023-02-10,42.7415,98.7681
4237,8,10,5,47.66,2022-10-19,43.7415,99.7681
2363,3,30,5,20.69,2023-04-28,44.7415,100.7681
7106,10,12,5,87.79,2022-11-23,44.4415,100.4681
9841,10,23,5,35.88,2022-11-29,45.4415,101.4681
6495,2,29,5,81.89,2023-02-26,46.4415,102.4681
2739,8,18,5,63.47,2022-09-17,47.4415,103.4681
6270,10,36,5,96.07,2022-11-06,48.4415,104.4681
8304,10,24,5,48.25,2022-06-06,49.4415,105.4681
3585,2,20,5,30.16,2023-05-25,50.4415,106.4681
2266,10,43,5,39.12,2022-06-30,51.4415,107.4681
1942,7,20,5,85.26,2022-08-22,52.4415,108.4681
7430,3,31,5,39.05,2023-01-07,53.4415,109.4681
8137,7,21,5,46.17,2023-03-20,54.4415,110.4681
5405,10,20,5,53.29,2023-03-22,55.4415,111.4681
1338,6,49,5,39.71,2022-12-26,56.4415,112.4681
1439,6,17,5,26.48,2022-07-19,57.4415,113.4681
5215,5,10,5,64.85,2022-06-20,58.4415,114.4681
3959,3,7,5,94.52,2023-04-25,59.4415,115.4681
8063,3,19,5,69,2022-06-30,60.4415,116.4681
6003,10,43,5,49.27,2022-07-12,61.4415,117.4681
5857,8,4,5,53.81,2023-03-13,62.4415,118.4681
6249,3,17,5,24.56,2022-09-01,63.4415,119.4681
3654,8,40,5,93.4,2023-04-16,64.4415,120.4681
6858,6,32,5,73.85,2022-10-10,65.4415,121.4681
8012,4,26,5,31.83,2022-06-22,66.4415,122.4681
6643,6,34,5,16.68,2023-02-22,67.4415,123.4681
3405,2,30,5,87.77,2022-09-05,68.4415,124.4681
8261,10,36,5,92.04,2023-03-24,69.4415,125.4681
9415,4,26,5,57.87,2022-08-17,70.4415,126.4681
1722,7,16,5,68.76,2022-07-28,71.4415,127.4681
3847,2,29,5,52.7,2023-01-22,72.4415,128.4681
1776,6,1,5,92.7,2022-07-23,73.4415,129.4681
6824,6,15,5,85.66,2022-10-19,74.4415,130.4681
7064,6,33,5,68.88,2022-10-01,75.4415,131.4681
1497,7,22,5,24.7,2023-04-10,76.4415,132.4681
3474,7,45,5,70.26,2023-05-16,77.4415,133.4681
4241,1,8,5,60.46,2022-09-03,78.4415,134.4681
6160,6,4,5,37.72,2023-03-05,79.4415,135.4681
1678,7,39,5,22.56,2023-05-18,80.4415,136.4681
9864,2,25,5,93.53,2022-07-24,81.4415,137.4681
8651,8,42,5,69.69,2022-12-17,82.4415,138.4681
7515,10,19,5,72.73,2023-06-01,83.4415,139.4681
5855,9,10,5,46.24,2023-04-30,84.4415,140.4681
5979,7,47,5,87.53,2022-08-04,85.4415,141.4681
1030,5,2,5,91.05,2022-09-27,86.4415,142.4681
6071,3,44,5,30.02,2023-04-24,87.4415,143.4681
6383,10,18,5,42.77,2022-12-23,88.4415,144.4681
4285,2,24,5,91.56,2022-10-25,89.4415,145.4681
9620,8,8,5,15.53,2023-01-26,87.4415,146.4681
6903,2,36,5,45.92,2022-09-28,85.4415,147.4681
7981,5,15,5,75.46,2022-07-19,83.4415,148.4681
1935,10,15,5,43.04,2022-08-07,81.4415,149.4681
3015,10,3,5,52.37,2023-04-25,79.4415,150.4681
2159,7,38,5,29.48,2022-09-28,77.4415,151.4681
9013,10,20,5,33.87,2022-12-19,75.4415,152.4681
5221,8,40,5,65.94,2022-08-13,73.4415,153.4681
6321,5,49,5,99.75,2022-09-14,71.4415,154.4681
2538,8,14,5,73.84,2022-06-24,69.4415,155.4681
5441,1,26,5,73.33,2023-05-07,67.4415,156.4681
9359,6,1,5,33.53,2022-10-14,65.4415,157.4681
4783,6,11,5,71.55,2023-01-25,63.4415,158.4681
2635,9,10,5,53.48,2022-07-15,61.4415,159.4681
2441,8,35,5,37.77,2022-11-11,59.4415,160.4681
6929,5,27,5,95.59,2023-01-24,57.4415,161.4681
4938,8,18,5,71.48,2023-01-16,55.4415,162.4681
1384,9,29,5,76.93,2023-04-12,53.4415,163.4681
1658,3,48,5,24.52,2023-04-15,51.4415,164.4681
1133,4,2,5,40.75,2022-06-12,49.4415,165.4681
3525,1,34,5,35.22,2022-06-21,47.4415,166.4681
2516,5,5,5,44.95,2022-10-12,45.4415,167.4681
1478,7,5,5,15.19,2022-08-01,43.4415,168.4681
2272,10,26,5,65.53,2022-09-11,41.4415,169.4681
2934,7,1,5,47.03,2022-06-30,39.4415,170.4681
4450,2,11,5,51.7,2023-02-22,37.4415,171.4681
4621,9,4,5,68.12,2022-08-11,35.4415,172.4681
1596,1,8,5,87.77,2022-12-09,33.4415,173.4681
5530,7,3,5,89.23,2023-05-03,31.4415,174.4681
8395,5,29,5,97.68,2023-03-22,29.4415,175.4681
7162,5,26,5,25.16,2022-11-20,27.4415,176.4681
1007,4,41,5,63.34,2022-10-08,25.4415,177.4681
6218,8,21,5,85.91,2022-06-24,23.4415,178.4681
9036,4,35,5,34.23,2022-11-19,21.4415,179.4681
4843,6,21,5,56.16,2022-09-03,16.4415,174.4681
1073,10,37,5,92.83,2023-05-07,11.4415,169.4681
3317,7,44,5,91.11,2022-06-12,64.9631,-19.0208
8483,10,8,5,96.52,2023-05-26,64.8631,-19.1208
7025,2,2,5,14.21,2023-05-12,64.7631,-19.2208
6520,4,4,5,62.16,2023-04-15,64.6631,-19.3208
3737,3,36,5,85.59,2022-07-08,64.5631,-19.4208
1376,2,42,5,65.77,2023-05-23,64.4631,-19.5208
6007,9,23,5,38.63,2023-03-20,64.3631,-19.6208
3037,2,35,5,28.87,2022-11-05,64.2631,-19.7208
3908,2,1,5,32.64,2022-09-16,64.1631,-19.8208
9093,9,50,5,49.98,2023-01-10,64.0631,-19.9208
7105,8,5,5,47.89,2022-11-15,63.9631,-20.0208
6579,6,45,5,57.4,2022-08-14,63.8631,-20.1208
2402,9,45,5,35.94,2022-06-25,63.7631,-20.2208
2340,6,22,5,27.94,2023-01-28,63.6631,-20.3208
4935,5,39,5,50.66,2023-02-09,63.5631,-20.4208
8590,10,7,5,50.07,2023-03-24,63.4631,-20.5208
6131,5,24,5,58.6,2023-05-22,63.3631,-20.6208
6479,10,49,5,26.2,2023-02-04,63.2631,-20.7208
2334,5,40,3,35.6,2022-06-21,63.1631,-20.8208
7784,9,44,4,46.56,2023-04-22,63.0631,-20.9208
3983,3,11,4,85.04,2022-11-25,62.9631,-21.0208
3760,4,30,4,84.08,2023-03-09,62.8631,-21.1208
1098,9,46,2,26.31,2022-07-11,62.7631,-21.2208
4018,1,20,4,36.85,2022-06-18,62.6631,-21.3208
9042,9,5,3,95.74,2022-09-16,62.5631,-21.4208
8712,2,50,3,76.8,2022-07-22,62.4631,-21.5208
8716,3,11,2,51.09,2022-11-16,62.3631,-21.6208
1558,9,20,2,10.85,2022-12-21,62.2631,-21.7208
3228,8,25,4,81.38,2022-09-20,62.1631,-21.8208
8078,6,34,3,56.94,2023-02-23,62.0631,-21.9208
1993,3,19,4,59.11,2022-12-03,61.9631,-22.0208
2114,7,11,3,97.24,2022-08-15,61.8631,-22.1208
7370,8,23,3,31.98,2022-11-01,61.7631,-22.2208
8994,1,41,2,94.41,2022-07-13,61.6631,-22.3208
7396,4,36,4,11.7,2023-05-08,61.5631,-22.4208
6998,5,23,4,84.19,2023-02-15,61.4631,-22.5208
2278,4,10,4,68.22,2023-05-06,61.3631,-22.6208
2467,8,3,2,40.79,2023-03-16,61.2631,-22.7208
7029,9,29,3,68.48,2022-10-28,61.1631,-22.8208
4032,10,1,2,18.63,2023-05-24,61.0631,-22.9208
9065,8,1,2,29.32,2023-02-15,60.9631,-23.0208
9844,3,22,4,91.52,2023-03-28,60.8631,-23.1208
6648,6,47,4,41.7,2022-11-05,60.7631,-23.2208
2011,8,22,3,49.88,2023-05-26,60.6631,-23.3208
5099,3,11,2,14.38,2022-10-09,60.5631,-23.4208
3578,1,10,3,73.61,2023-04-24,60.4631,-23.5208
7506,5,22,2,61.08,2023-04-23,60.3631,-23.6208
5045,1,25,2,14.48,2022-06-12,60.2631,-23.7208
6475,9,25,2,12.59,2022-09-04,60.1631,-23.8208
1257,10,21,4,83.76,2023-02-09,60.0631,-23.9208
4897,9,49,2,85.9,2022-10-05,59.9631,-24.0208
7446,10,29,3,36.79,2022-07-25,59.8631,-24.1208
9237,10,21,4,97.81,2022-08-17,59.7631,-24.2208
8282,6,25,2,34.14,2023-03-14,59.6631,-24.3208
9720,1,32,3,18.8,2022-12-27,59.5631,-24.4208
9003,2,26,2,68.11,2022-06-28,59.4631,-24.5208
4847,9,33,3,72.79,2022-08-30,59.3631,-24.6208
8947,7,7,2,11.97,2022-12-30,59.2631,-24.7208
3898,3,26,3,34.53,2022-07-09,59.1631,-24.8208
7968,2,43,4,96.65,2023-04-22,59.0631,-24.9208
6105,5,47,2,44.45,2023-03-07,58.9631,-25.0208
5862,5,14,2,29.35,2022-12-12,58.8631,-25.1208
2975,9,39,3,57.33,2022-09-04,58.7631,-25.2208
9204,4,39,2,82.44,2023-04-21,58.6631,-25.3208
7587,8,34,2,28.72,2022-10-10,58.5631,-25.4208
6104,10,49,4,23.96,2022-11-10,58.4631,-25.5208
8879,5,23,3,14.41,2022-11-13,58.3631,-25.6208
8221,1,2,4,83.49,2023-01-15,58.2631,-25.7208
9219,7,45,4,13.08,2022-09-23,58.1631,-25.8208
9387,2,46,4,39.21,2022-11-17,58.0631,-25.9208
7123,2,12,4,72.37,2022-12-18,57.9631,-26.0208
3695,2,50,3,32.78,2022-11-29,57.8631,-26.1208
7139,10,12,3,18,2022-08-16,57.7631,-26.2208
9525,7,31,4,52.6,2022-08-28,57.6631,-26.3208
3700,9,39,2,37.33,2023-01-13,57.5631,-26.4208
5952,9,36,4,11.77,2022-12-01,57.4631,-26.5208
3692,1,6,3,21.88,2022-10-16,57.3631,-26.6208
2879,4,15,3,60.53,2023-05-12,57.2631,-26.7208
9992,7,42,2,95.94,2022-09-16,57.1631,-26.8208
3738,5,21,3,44.33,2023-02-21,57.0631,-26.9208
6518,5,10,3,84.88,2022-11-21,56.9631,-27.0208
2669,1,38,4,32.73,2023-03-06,56.8631,-27.1208
5738,10,46,4,50.34,2022-12-27,56.7631,-27.2208
2867,2,22,4,76.39,2023-02-28,56.6631,-27.3208
1855,3,13,4,22.39,2022-09-07,56.5631,-27.4208
6837,3,15,4,80.06,2022-09-12,56.4631,-27.5208
1790,5,30,3,71.28,2022-09-28,56.3631,-27.6208
1976,1,27,3,86.04,2023-04-14,56.2631,-27.7208
2857,8,46,4,19.93,2022-10-27,56.1631,-27.8208
4705,7,23,3,21.73,2023-04-04,56.0631,-27.9208
1492,3,1,2,92.75,2022-11-29,55.9631,-28.0208
1493,10,16,4,29.64,2022-06-26,55.8631,-28.1208
5967,2,42,3,73.77,2022-12-18,55.7631,-28.2208
5778,4,40,3,22.61,2023-01-01,55.6631,-28.3208
3888,2,8,3,11.49,2022-06-13,55.5631,-28.4208
5389,6,8,4,92.49,2022-08-11,55.4631,-28.5208
9586,2,26,3,66.24,2022-12-30,55.3631,-28.6208
9365,2,40,2,72.42,2023-05-12,55.2631,-28.7208
4331,7,49,2,70.39,2023-05-09,55.1631,-28.8208
5566,1,23,3,83.81,2023-01-21,55.0631,-28.9208
9980,8,41,2,47,2023-05-18,54.9631,-29.0208
1896,5,42,4,40.66,2022-12-12,54.8631,-29.1208
9871,9,26,4,53.45,2022-11-28,54.7631,-29.2208
8507,1,35,4,35.8,2023-03-26,54.6631,-29.3208
7622,8,45,3,50.85,2022-07-25,54.5631,-29.4208
5476,5,40,4,37.82,2022-10-16,54.4631,-29.5208
3319,10,31,4,80.46,2022-08-11,54.3631,-29.6208
6386,5,11,4,64.17,2023-04-28,54.2631,-29.7208
9635,9,19,3,21.13,2022-10-17,54.1631,-29.8208
2684,5,41,3,20.41,2022-09-19,54.0631,-29.9208
9420,2,1,4,11.07,2022-08-08,53.9631,-30.0208
8171,9,42,3,45.86,2023-03-20,53.8631,-30.1208
2045,5,17,4,81.85,2022-11-01,53.7631,-30.2208
4343,9,7,3,37.05,2022-06-27,53.6631,-30.3208
1336,4,32,4,50.06,2022-08-13,53.5631,-30.4208
2299,6,44,4,31.51,2022-10-26,53.4631,-30.5208
6309,7,38,2,43.18,2023-01-28,53.3631,-30.6208
7181,6,1,3,20.48,2023-02-11,53.2631,-30.7208
1468,9,38,3,73.84,2022-09-18,53.1631,-30.8208
8702,2,27,2,74.89,2023-03-23,53.0631,-30.9208
3002,9,30,4,58.72,2023-02-07,52.9631,-31.0208
6632,8,18,2,65.82,2023-05-09,52.8631,-31.1208
6947,7,20,3,65,2022-06-18,52.7631,-31.2208
9050,10,11,3,55.17,2022-07-02,52.6631,-31.3208
2986,9,41,2,65.44,2023-01-21,52.5631,-31.4208
6275,4,39,4,97.74,2023-01-27,52.4631,-31.5208
6576,10,29,3,48.4,2023-03-21,52.3631,-31.6208
7829,9,8,3,27.25,2022-06-09,52.2631,-31.7208
3428,3,22,3,31.99,2023-03-24,52.1631,-31.8208
1870,7,48,2,22.96,2023-01-16,52.0631,-31.9208
4075,5,19,4,71.17,2023-03-20,51.9631,-32.0208
8170,10,27,2,39.99,2022-11-08,51.8631,-32.1208
3413,6,37,2,55.42,2022-09-02,51.7631,-32.2208
5800,5,9,3,14.62,2022-12-01,51.6631,-32.3208
8792,3,45,4,63.25,2022-07-25,51.5631,-32.4208
3036,9,23,2,17.67,2022-11-23,51.4631,-32.5208
2673,1,43,2,24.17,2023-02-04,51.3631,-32.6208
4585,6,24,3,95.86,2022-09-07,51.2631,-32.7208
7349,8,21,4,35.97,2022-12-27,51.1631,-32.8208
1967,8,16,3,42.74,2023-01-24,51.0631,-32.9208
5225,6,28,4,69.92,2023-03-04,50.9631,-33.0208
2681,10,24,3,48.75,2022-06-08,50.8631,-33.1208
9362,10,24,4,57.38,2022-08-29,50.7631,-33.2208
7170,3,30,2,19.61,2023-04-13,50.6631,-33.3208
8975,1,26,3,13.34,2022-10-11,50.5631,-33.4208
5348,2,11,2,25.1,2022-12-07,50.4631,-33.5208
7316,3,13,4,82.5,2023-04-09,50.3631,-33.6208
7450,9,28,4,30.98,2023-05-16,50.2631,-33.7208
1696,5,5,4,34.65,2022-08-23,50.1631,-33.8208
9070,3,1,4,70.36,2023-01-23,50.0631,-33.9208
9795,3,11,3,82.7,2022-12-27,49.9631,-34.0208
8794,2,9,4,38.7,2022-06-05,49.8631,-34.1208
3649,6,32,4,15.14,2022-09-19,49.7631,-34.2208
5965,9,44,3,17.48,2023-05-28,49.6631,-34.3208
3513,8,17,2,88.4,2023-01-01,49.5631,-34.4208
8371,10,31,4,44.49,2023-05-11,49.4631,-34.5208
2133,7,2,2,25.02,2023-03-14,49.3631,-34.6208
8146,8,41,4,26.31,2022-09-23,49.2631,-34.7208
5425,1,10,2,67.07,2022-06-01,49.1631,-34.8208
3326,4,47,3,43.85,2023-02-04,49.0631,-34.9208
3193,9,30,3,66.24,2023-03-05,48.9631,-35.0208
4989,3,25,4,22.09,2023-01-20,48.8631,-35.1208
4635,8,2,2,73.86,2023-02-08,48.7631,-35.2208
4660,9,36,4,39.71,2023-05-13,48.6631,-35.3208
6294,6,44,2,96.64,2023-01-10,48.5631,-35.4208
7238,4,20,2,48.15,2022-10-12,48.4631,-35.5208
1127,5,7,2,76.68,2022-09-18,48.3631,-35.6208
9294,8,20,4,54.82,2022-10-05,48.2631,-35.7208
2037,9,12,2,72.06,2022-12-13,48.1631,-35.8208
3350,2,11,2,11.83,2023-05-23,48.0631,-35.9208
1609,2,1,3,15.54,2022-12-29,47.9631,-36.0208
8774,7,6,3,19.09,2022-08-10,47.8631,-36.1208
9912,9,37,3,90.21,2022-09-07,47.7631,-36.2208
1569,3,2,4,27.29,2023-01-23,47.6631,-36.3208
5861,6,2,2,24.36,2023-03-02,47.5631,-36.4208
9943,9,11,3,64.66,2022-11-07,47.4631,-36.5208
1959,3,7,2,43.29,2022-06-23,47.3631,-36.6208
4990,1,43,2,14.78,2022-11-29,47.2631,-36.7208
7234,1,17,4,68.7,2022-07-08,47.1631,-36.8208
2264,3,35,2,60.86,2023-05-30,47.0631,-36.9208
1152,2,17,4,69.07,2023-04-24,46.9631,-37.0208
2038,5,16,3,32.14,2023-04-14,46.8631,-37.1208
6765,4,44,3,91.01,2022-12-03,46.7631,-37.2208
5063,4,37,2,87.41,2022-11-28,46.6631,-37.3208
9740,2,13,2,15.14,2022-12-21,46.5631,-37.4208
6285,2,15,2,76.95,2023-03-26,46.4631,-37.5208
8030,2,13,2,64.93,2022-07-21,46.3631,-37.6208
3745,7,48,3,19.08,2022-09-17,46.2631,-37.7208
5736,10,15,4,98.86,2022-09-27,46.1631,-37.8208
4590,10,29,4,75.83,2023-03-09,46.0631,-37.9208
3627,6,49,4,35.26,2022-12-25,45.9631,-38.0208
4581,7,16,3,36.09,2023-02-14,45.8631,-38.1208
5640,7,7,3,34.44,2023-05-27,45.7631,-38.2208
1953,3,12,3,57.01,2022-07-12,45.6631,-38.3208
4176,1,12,4,20.63,2023-02-18,45.5631,-38.4208
5746,8,5,2,57.97,2023-01-29,45.4631,-38.5208
6090,5,44,2,42.54,2023-04-13,45.3631,-38.6208
8668,2,40,4,16.26,2023-03-27,45.2631,-38.7208
7686,9,26,3,53.46,2023-03-31,45.1631,-38.8208
3455,4,44,4,77,2023-05-31,45.0631,-38.9208
5192,8,33,2,92.9,2023-01-05,44.9631,-39.0208
3306,10,47,2,21.25,2023-04-16,44.8631,-39.1208
8315,5,22,4,55.19,2022-11-05,44.7631,-39.2208
5100,4,41,4,15.11,2023-04-24,44.6631,-39.3208
1749,5,23,2,68.51,2023-04-30,44.5631,-39.4208
7936,8,49,2,75.89,2023-05-16,44.4631,-39.5208
6751,2,32,2,46.16,2023-04-08,44.3631,-39.6208
8643,9,47,3,87.02,2023-03-22,44.2631,-39.7208
4587,6,7,4,49.79,2022-08-03,44.1631,-39.8208
8802,2,43,4,64.32,2022-11-04,44.0631,-39.9208
2390,1,41,3,80.94,2022-09-03,43.9631,-40.0208
2380,10,43,4,32.88,2023-01-27,43.8631,-40.1208
1472,4,37,2,93.61,2023-01-29,43.7631,-40.2208
1835,2,33,3,73.75,2023-03-08,43.6631,-40.3208
6302,8,7,4,53.85,2023-03-08,43.5631,-40.4208
5163,1,41,4,30.44,2022-10-10,43.4631,-40.5208
9787,4,37,3,53.02,2022-08-14,43.3631,-40.6208
7267,5,45,2,61.82,2022-10-02,43.2631,-40.7208
8997,6,24,3,42.28,2022-08-24,43.1631,-40.8208
8368,2,5,2,56.93,2022-08-03,43.0631,-40.9208
3500,4,22,3,44.07,2023-04-04,42.9631,-41.0208
5337,1,31,3,43.55,2023-03-12,42.8631,-41.1208
5919,4,1,4,26.3,2023-04-10,42.7631,-41.2208
3710,5,21,3,79.49,2022-10-09,42.6631,-41.3208
5788,6,39,4,76.75,2022-06-09,42.5631,-41.4208
6918,2,19,2,24.89,2022-06-27,42.4631,-41.5208
7522,8,26,4,90.57,2022-12-30,42.3631,-41.6208
7845,10,42,4,84.74,2023-02-17,42.2631,-41.7208
5346,7,15,4,72.22,2023-02-24,42.1631,-41.8208
1102,8,9,4,44.04,2022-10-13,42.0631,-41.9208
5800,8,33,3,42.18,2022-11-26,41.9631,-42.0208
2239,7,12,3,69.08,2023-01-26,41.8631,-42.1208
2773,8,13,4,82.12,2022-06-15,41.7631,-42.2208
1524,5,25,3,85.19,2022-11-26,41.6631,-42.3208
9086,4,5,4,12,2023-03-20,41.5631,-42.4208
9739,1,5,3,64.84,2023-03-14,41.4631,-42.5208
7893,5,15,4,85.43,2022-09-26,41.3631,-42.6208
9588,8,3,4,55.38,2023-01-07,41.2631,-42.7208
1068,2,38,4,57.68,2023-05-17,41.1631,-42.8208
9706,7,11,3,11.78,2022-10-05,41.0631,-42.9208
2003,3,39,3,94.4,2023-02-15,40.9631,-43.0208
1842,10,39,2,30.59,2023-01-28,40.8631,-43.1208
7087,3,47,2,80.06,2023-04-23,40.7631,-43.2208
1949,2,36,3,20.1,2023-02-22,40.6631,-43.3208
1462,9,50,2,39.2,2023-03-24,40.5631,-43.4208
1579,4,25,3,69.12,2022-08-01,40.4631,-43.5208
2321,4,8,3,28.01,2023-03-16,40.3631,-43.6208
8413,3,6,2,73,2022-12-24,40.2631,-43.7208
4559,5,26,2,83.56,2022-07-09,40.1631,-43.8208
9160,6,40,4,25.98,2022-11-21,40.0631,-43.9208
8816,7,9,3,86.81,2022-10-19,39.9631,-44.0208
1306,10,45,2,51.79,2022-10-22,39.8631,-44.1208
6593,7,38,4,33.23,2023-02-12,39.7631,-44.2208
1102,7,11,3,18.41,2022-08-12,39.6631,-44.3208
9383,9,11,3,21.61,2023-01-26,39.5631,-44.4208
9222,8,2,2,69.46,2022-10-02,39.4631,-44.5208
5458,6,6,4,35.18,2023-04-08,39.3631,-44.6208
9758,10,21,3,47.73,2023-04-20,39.2631,-44.7208
2016,2,29,2,91.16,2023-01-19,39.1631,-44.8208
4998,1,26,3,17.55,2022-08-26,39.0631,-44.9208
5662,3,35,4,85.74,2022-10-23,38.9631,-45.0208
6862,7,33,2,39.98,2022-06-20,38.8631,-45.1208
7546,1,46,2,98.9,2023-04-15,38.7631,-45.2208
2255,4,23,3,84.96,2023-05-22,38.6631,-45.3208
8088,9,10,3,74.78,2022-07-17,38.5631,-45.4208
5461,6,11,4,96.2,2023-03-22,38.4631,-45.5208
9495,3,8,2,58.37,2022-10-04,38.3631,-45.6208
9923,8,5,2,78.18,2023-02-01,38.2631,-45.7208
6225,1,33,3,85.52,2022-07-22,38.1631,-45.8208
6812,2,36,3,76.58,2022-06-01,38.0631,-45.9208
3270,10,1,2,47.43,2022-09-17,37.9631,-46.0208
3357,4,2,2,11.41,2022-11-04,37.8631,-46.1208
5365,9,25,3,11.18,2023-02-06,37.7631,-46.2208
6360,10,11,3,67.08,2022-06-10,37.6631,-46.3208
7382,9,37,3,46.6,2022-09-11,37.5631,-46.4208
3448,5,35,3,75.49,2022-11-26,37.4631,-46.5208
9890,4,44,2,96.48,2023-05-29,37.3631,-46.6208
5818,9,34,3,80.6,2023-02-09,37.2631,-46.7208
2914,3,17,2,44.56,2022-10-31,37.1631,-46.8208
9877,9,22,3,81.44,2022-11-15,37.0631,-46.9208
4270,8,30,4,29.46,2022-09-01,36.9631,-47.0208
5864,3,13,3,60.18,2022-10-26,36.8631,-47.1208
3537,7,5,4,79.72,2022-12-13,36.7631,-48.1208
8309,4,48,2,97.02,2023-05-22,36.6631,-49.1208
5174,8,10,2,96.08,2022-11-30,36.5631,-50.1208
3693,8,26,3,31.59,2022-11-25,36.4631,-51.1208
1036,1,37,2,81.19,2023-04-21,36.3631,-52.1208
3817,8,9,3,97.7,2022-08-23,36.2631,-53.1208
5315,9,23,4,77.78,2023-05-04,36.1631,-54.1208
5099,3,10,4,43.48,2023-01-02,36.0631,-55.1208
3011,3,32,4,35.55,2022-10-26,35.9631,-56.1208
2455,7,10,3,20.23,2023-01-26,35.8631,-57.1208
8703,9,46,3,65.88,2022-09-28,35.7631,-58.1208
5072,8,17,2,27.57,2023-04-23,35.6631,-59.1208
7262,5,35,4,21.27,2022-12-11,35.5631,-60.1208
8272,3,14,4,54.22,2022-10-31,35.4631,-61.1208
6231,10,15,4,89.32,2022-11-12,35.3631,-62.1208
9893,2,47,4,54.99,2022-12-23,35.2631,-63.1208
5408,9,44,2,28.51,2023-03-13,35.1631,-64.1208
1329,7,47,3,97.95,2023-03-05,35.0631,-65.1208
7375,8,22,2,30,2023-05-06,34.9631,-66.1208